,loss,val_loss
0,0.024965526536107063,0.005276886280626059
1,0.004339461214840412,0.006858077831566334
2,0.0025412184186279774,0.002371616428717971
3,0.0018462776206433773,0.000796182022895664
4,0.001633854117244482,0.001310009160079062
5,0.001707096234895289,0.0007743161404505372
6,0.001555035705678165,0.0007688765763305128
7,0.001672445796430111,0.0007480088388547301
8,0.001512316637672484,0.0008202951867133379
9,0.0013932656729593873,0.0007621030672453344
