,loss,val_loss
0,0.0416131466627121,0.009332436136901379
1,0.006531094200909138,0.0019574465695768595
2,0.005147959571331739,0.0019464350771158934
3,0.004313943441957235,0.0017764329677447677
4,0.003375729313120246,0.0017118309624493122
5,0.0028579055797308683,0.0017837525811046362
6,0.0028854378033429384,0.0017746785888448358
7,0.002791101112961769,0.0017843825044110417
8,0.0026555219665169716,0.0016934775048866868
9,0.0025704186409711838,0.001868321094661951
